-- MySQL dump 10.13  Distrib 8.0.40, for Linux (x86_64)
--
-- Host: localhost    Database: 24mca28
-- ------------------------------------------------------
-- Server version	8.0.40-0ubuntu0.22.04.1

/*!40101 SET @OLD_CHARACTER_SET_CLIENT=@@CHARACTER_SET_CLIENT */;
/*!40101 SET @OLD_CHARACTER_SET_RESULTS=@@CHARACTER_SET_RESULTS */;
/*!40101 SET @OLD_COLLATION_CONNECTION=@@COLLATION_CONNECTION */;
/*!50503 SET NAMES utf8mb4 */;
/*!40103 SET @OLD_TIME_ZONE=@@TIME_ZONE */;
/*!40103 SET TIME_ZONE='+00:00' */;
/*!40014 SET @OLD_UNIQUE_CHECKS=@@UNIQUE_CHECKS, UNIQUE_CHECKS=0 */;
/*!40014 SET @OLD_FOREIGN_KEY_CHECKS=@@FOREIGN_KEY_CHECKS, FOREIGN_KEY_CHECKS=0 */;
/*!40101 SET @OLD_SQL_MODE=@@SQL_MODE, SQL_MODE='NO_AUTO_VALUE_ON_ZERO' */;
/*!40111 SET @OLD_SQL_NOTES=@@SQL_NOTES, SQL_NOTES=0 */;

--
-- Table structure for table `countries`
--

DROP TABLE IF EXISTS `countries`;
/*!40101 SET @saved_cs_client     = @@character_set_client */;
/*!50503 SET character_set_client = utf8mb4 */;
CREATE TABLE `countries` (
  `country_id` int NOT NULL,
  `country_name` varchar(100) DEFAULT NULL,
  `region_id` int DEFAULT NULL,
  PRIMARY KEY (`country_id`),
  KEY `region_id` (`region_id`),
  CONSTRAINT `countries_ibfk_1` FOREIGN KEY (`region_id`) REFERENCES `regions` (`region_id`)
) ENGINE=InnoDB DEFAULT CHARSET=utf8mb4 COLLATE=utf8mb4_0900_ai_ci;
/*!40101 SET character_set_client = @saved_cs_client */;

--
-- Dumping data for table `countries`
--

LOCK TABLES `countries` WRITE;
/*!40000 ALTER TABLE `countries` DISABLE KEYS */;
INSERT INTO `countries` VALUES (1,'USA',1),(2,'Canada',1),(3,'Germany',2),(4,'India',3),(5,'Australia',4);
/*!40000 ALTER TABLE `countries` ENABLE KEYS */;
UNLOCK TABLES;

--
-- Table structure for table `departments`
--

DROP TABLE IF EXISTS `departments`;
/*!40101 SET @saved_cs_client     = @@character_set_client */;
/*!50503 SET character_set_client = utf8mb4 */;
CREATE TABLE `departments` (
  `department_id` int NOT NULL,
  `department_name` varchar(50) DEFAULT NULL,
  `location_id` int DEFAULT NULL,
  PRIMARY KEY (`department_id`),
  KEY `location_id` (`location_id`),
  CONSTRAINT `departments_ibfk_1` FOREIGN KEY (`location_id`) REFERENCES `locations` (`location_id`)
) ENGINE=InnoDB DEFAULT CHARSET=utf8mb4 COLLATE=utf8mb4_0900_ai_ci;
/*!40101 SET character_set_client = @saved_cs_client */;

--
-- Dumping data for table `departments`
--

LOCK TABLES `departments` WRITE;
/*!40000 ALTER TABLE `departments` DISABLE KEYS */;
INSERT INTO `departments` VALUES (1,'HR',1),(2,'IT',2),(3,'Finance',3),(4,'Sales',4),(5,'Marketing',5);
/*!40000 ALTER TABLE `departments` ENABLE KEYS */;
UNLOCK TABLES;

--
-- Table structure for table `dependents`
--

DROP TABLE IF EXISTS `dependents`;
/*!40101 SET @saved_cs_client     = @@character_set_client */;
/*!50503 SET character_set_client = utf8mb4 */;
CREATE TABLE `dependents` (
  `dependent_id` int NOT NULL,
  `first_name` varchar(50) DEFAULT NULL,
  `last_name` varchar(50) DEFAULT NULL,
  `relationship` varchar(50) DEFAULT NULL,
  `employee_id` int DEFAULT NULL,
  PRIMARY KEY (`dependent_id`),
  KEY `employee_id` (`employee_id`),
  CONSTRAINT `dependents_ibfk_1` FOREIGN KEY (`employee_id`) REFERENCES `employees` (`employee_id`)
) ENGINE=InnoDB DEFAULT CHARSET=utf8mb4 COLLATE=utf8mb4_0900_ai_ci;
/*!40101 SET character_set_client = @saved_cs_client */;

--
-- Dumping data for table `dependents`
--

LOCK TABLES `dependents` WRITE;
/*!40000 ALTER TABLE `dependents` DISABLE KEYS */;
INSERT INTO `dependents` VALUES (1,'Sarah','Doe','Spouse',1),(2,'Mark','Smith','Child',2),(3,'Linda','Johnson','Spouse',3),(4,'Emily','Taylor','Child',4),(5,'John','Davis','Spouse',5),(6,'Anna','Brown','Child',6);
/*!40000 ALTER TABLE `dependents` ENABLE KEYS */;
UNLOCK TABLES;

--
-- Table structure for table `employees`
--

DROP TABLE IF EXISTS `employees`;
/*!40101 SET @saved_cs_client     = @@character_set_client */;
/*!50503 SET character_set_client = utf8mb4 */;
CREATE TABLE `employees` (
  `employee_id` int NOT NULL,
  `first_name` varchar(50) DEFAULT NULL,
  `last_name` varchar(50) DEFAULT NULL,
  `email` varchar(100) DEFAULT NULL,
  `phone_number` varchar(10) DEFAULT NULL,
  `hire_date` date DEFAULT NULL,
  `job_id` int DEFAULT NULL,
  `salary` int DEFAULT NULL,
  `manager_id` int DEFAULT NULL,
  `department_id` int DEFAULT NULL,
  PRIMARY KEY (`employee_id`),
  KEY `job_id` (`job_id`),
  KEY `manager_id` (`manager_id`),
  KEY `department_id` (`department_id`),
  CONSTRAINT `employees_ibfk_1` FOREIGN KEY (`job_id`) REFERENCES `jobs` (`job_id`),
  CONSTRAINT `employees_ibfk_2` FOREIGN KEY (`manager_id`) REFERENCES `employees` (`employee_id`),
  CONSTRAINT `employees_ibfk_3` FOREIGN KEY (`department_id`) REFERENCES `departments` (`department_id`)
) ENGINE=InnoDB DEFAULT CHARSET=utf8mb4 COLLATE=utf8mb4_0900_ai_ci;
/*!40101 SET character_set_client = @saved_cs_client */;

--
-- Dumping data for table `employees`
--

LOCK TABLES `employees` WRITE;
/*!40000 ALTER TABLE `employees` DISABLE KEYS */;
INSERT INTO `employees` VALUES (1,'John','Doe','john.doe@example.com','1234567890','2020-01-15',2,95000,NULL,2),(2,'Jane','Smith','jane.smith@example.com','1234567891','2019-05-21',1,65000,NULL,1),(3,'Alice','Johnson','alice.johnson@example.com','1234567892','2018-08-01',3,120000,NULL,3),(4,'Bob','Taylor','bob.taylor@example.com','1234567893','2021-02-10',4,70000,3,4),(5,'Eve','Davis','eve.davis@example.com','1234567894','2022-06-05',2,105000,1,2),(6,'Charlie','Brown','charlie.brown@example.com','1234567895','2017-07-11',6,75000,3,3),(7,'Sophia','Williams','sophia.williams@example.com','1234567896','2021-11-30',1,58000,1,1),(8,'David','Miller','david.miller@example.com','1234567897','2020-04-23',5,130000,2,2),(9,'Oliver','Moore','oliver.moore@example.com','1234567898','2022-03-15',2,90000,8,2),(10,'Sophia','Taylor','sophia.taylor@example.com','1234567899','2021-12-01',4,55000,4,4);
/*!40000 ALTER TABLE `employees` ENABLE KEYS */;
UNLOCK TABLES;

--
-- Table structure for table `jobs`
--

DROP TABLE IF EXISTS `jobs`;
/*!40101 SET @saved_cs_client     = @@character_set_client */;
/*!50503 SET character_set_client = utf8mb4 */;
CREATE TABLE `jobs` (
  `job_id` int NOT NULL,
  `job_title` varchar(100) DEFAULT NULL,
  `min_salary` int DEFAULT NULL,
  `max_salary` int DEFAULT NULL,
  PRIMARY KEY (`job_id`)
) ENGINE=InnoDB DEFAULT CHARSET=utf8mb4 COLLATE=utf8mb4_0900_ai_ci;
/*!40101 SET character_set_client = @saved_cs_client */;

--
-- Dumping data for table `jobs`
--

LOCK TABLES `jobs` WRITE;
/*!40000 ALTER TABLE `jobs` DISABLE KEYS */;
INSERT INTO `jobs` VALUES (1,'HR Representative',40000,70000),(2,'IT Programmer',60000,120000),(3,'Finance Manager',90000,150000),(4,'Sales Representative',50000,100000),(5,'IT Manager',100000,160000),(6,'Finance Analyst',60000,90000);
/*!40000 ALTER TABLE `jobs` ENABLE KEYS */;
UNLOCK TABLES;

--
-- Table structure for table `locations`
--

DROP TABLE IF EXISTS `locations`;
/*!40101 SET @saved_cs_client     = @@character_set_client */;
/*!50503 SET character_set_client = utf8mb4 */;
CREATE TABLE `locations` (
  `location_id` int NOT NULL,
  `street_address` varchar(50) DEFAULT NULL,
  `postal_code` varchar(10) DEFAULT NULL,
  `city` varchar(50) DEFAULT NULL,
  `state_province` varchar(50) DEFAULT NULL,
  `country_id` int DEFAULT NULL,
  PRIMARY KEY (`location_id`),
  KEY `country_id` (`country_id`),
  CONSTRAINT `locations_ibfk_1` FOREIGN KEY (`country_id`) REFERENCES `countries` (`country_id`)
) ENGINE=InnoDB DEFAULT CHARSET=utf8mb4 COLLATE=utf8mb4_0900_ai_ci;
/*!40101 SET character_set_client = @saved_cs_client */;

--
-- Dumping data for table `locations`
--

LOCK TABLES `locations` WRITE;
/*!40000 ALTER TABLE `locations` DISABLE KEYS */;
INSERT INTO `locations` VALUES (1,'123 Main St','10001','New York','NY',1),(2,'456 Oak Ave','20002','San Francisco','CA',1),(3,'789 Elm St','30003','Berlin','Berlin',3),(4,'101 Park Rd','40004','Mumbai','MH',4),(5,'202 Beach Blvd','50005','Sydney','NSW',5);
/*!40000 ALTER TABLE `locations` ENABLE KEYS */;
UNLOCK TABLES;

--
-- Table structure for table `regions`
--

DROP TABLE IF EXISTS `regions`;
/*!40101 SET @saved_cs_client     = @@character_set_client */;
/*!50503 SET character_set_client = utf8mb4 */;
CREATE TABLE `regions` (
  `region_id` int NOT NULL,
  `region_name` varchar(50) DEFAULT NULL,
  PRIMARY KEY (`region_id`)
) ENGINE=InnoDB DEFAULT CHARSET=utf8mb4 COLLATE=utf8mb4_0900_ai_ci;
/*!40101 SET character_set_client = @saved_cs_client */;

--
-- Dumping data for table `regions`
--

LOCK TABLES `regions` WRITE;
/*!40000 ALTER TABLE `regions` DISABLE KEYS */;
INSERT INTO `regions` VALUES (1,'North America'),(2,'Europe'),(3,'Asia'),(4,'Australia');
/*!40000 ALTER TABLE `regions` ENABLE KEYS */;
UNLOCK TABLES;
/*!40103 SET TIME_ZONE=@OLD_TIME_ZONE */;

/*!40101 SET SQL_MODE=@OLD_SQL_MODE */;
/*!40014 SET FOREIGN_KEY_CHECKS=@OLD_FOREIGN_KEY_CHECKS */;
/*!40014 SET UNIQUE_CHECKS=@OLD_UNIQUE_CHECKS */;
/*!40101 SET CHARACTER_SET_CLIENT=@OLD_CHARACTER_SET_CLIENT */;
/*!40101 SET CHARACTER_SET_RESULTS=@OLD_CHARACTER_SET_RESULTS */;
/*!40101 SET COLLATION_CONNECTION=@OLD_COLLATION_CONNECTION */;
/*!40111 SET SQL_NOTES=@OLD_SQL_NOTES */;

-- Dump completed on 2025-03-20 15:37:27
